{
  "img/bnb.png": 1701557405466,
  "manifest.json": 1701631636484,
  "model/models.js": 1701557474429,
  "controller/index.controller.js": 1701548287816,
  "controller/form.controller.js": 1701556973044,
  "controller/App.controller.js": 1701548287812,
  "Component.js": 1701548287812,
  "Component-preload.js": 1701631636794,
  "Component-dbg.js": 1701548287812,
  "controller/index-dbg.controller.js": 1701548287816,
  "controller/form-dbg.controller.js": 1701556973044,
  "controller/App-dbg.controller.js": 1701548287812,
  "model/models-dbg.js": 1701557474429,
  "view/index.view.xml": 1701548287844,
  "view/form.view.xml": 1701559156651,
  "view/App.view.xml": 1701557289056,
  "img/sap-logo.svg": 1701548287824,
  "img/favicon.svg": 1701556240514,
  "img/ethereum.svg": 1701548287824,
  "img/coins-solid.svg": 1701548287824,
  "img/btc.svg": 1701548287824,
  "i18n/i18n.properties": 1701548287816,
  "img/airbnb.svg": 1701548287824,
  "img/Avatar-Sizes-Custom-1.png": 1701548287820,
  "css/style.css": 1701548287816,
  "index.html": 1701557735582
}